eye_width,face_height,label
226.3103795301098,1296.3892162464172,0
229.35605994658542,1323.315910884472,0
226.48871801588396,1325.275065788231,0
205.390103878881,1192.4030358901305,0
195.58633931961015,1144.0279716860073,0
208.48901087580546,1095.1479352124077,0
280.9097324005528,1624.3558723383248,0
262.8833002747273,1545.3313560528047,0
229.36760887015413,1337.063199702991,0
294.90901196515836,1631.5894091345408,0
202.8008407335701,1155.003896097325,0
292.8533702241188,1639.4639367793363,0
249.1923160996996,1452.6073110101022,0
255.88373536542545,1484.8087418923692,0
240.72245740603523,1388.190548880088,0
224.2060558042985,1281.2439268148746,0
210.72103764804908,1267.0193368690157,0
260.69700981684537,1478.4630533090774,0
223.5257362706763,1284.4769363441292,0
195.63205031986755,1119.197033591494,0
227.37386537142905,1297.240918256898,0
194.41977194989164,1104.0366841731302,0
206.48005751932251,1238.2136326175705,0
200.0657905640428,1148.0853626799708,0
290.7858022401101,1637.3664831063325,0
198.45437047813527,1107.4917606916993,0
277.1852957648181,1647.1672653376766,0
283.89303218385976,1629.0150398323522,0
224.70497281156503,1333.0375088496198,0
194.76586911193488,1160.3878661895772,0
253.36145677483006,1457.099173014658,0
208.24295174429528,1209.0066170207672,0
216.7636699523375,1330.2217860191586,0
258.17114992285906,1508.7322492742044,0
183.1545471926624,1047.0477544028256,0
228.3861168987636,1305.3003485788242,0
210.62600102959797,1239.0004035511854,0
235.40900859508974,1319.3411234400298,0
288.3407079024272,1635.5418062525946,0
206.44441430540274,1251.0195841792406,0
224.5765059523248,1326.2748583909747,0
287.0652477160904,1641.3948336704366,0
235.46229506360476,1285.4236655671157,0
176.77321115514604,1090.5617818353987,0
203.3751097164705,1165.03476342983,0
226.99233392193958,1285.8592457963664,0
203.3438091030659,1192.2835233282392,0
207.34993766744947,1187.0606555690404,0
282.6581973348653,1661.878756107075,0
231.06175088320447,1329.2351184045658,0
171.66884274706126,950.2783802654884,0
165.24975160747476,949.0084298887972,0
166.90434240434,937.034150925141,0
291.97836859421545,1645.255603242244,0
229.40645312039788,1311.514010599963,0
258.92689798303536,1507.260096997197,0
259.67051874622314,1500.0963302401617,0
241.4600476658814,1347.33663202631,0
230.6989742743197,1302.5544134507395,0
242.70585985680623,1357.0747952858014,0
203.89521354263127,1192.2835233282392,0
176.59217075447458,1025.0,0
204.76544516333666,1181.169335870179,0
195.76146759716406,1134.1591599065805,0
210.3185863364547,1199.0066722082909,0
292.9321120268995,1621.7709456023683,0
241.03866100132012,1341.754821120461,0
210.91624644345006,1204.0386206430423,0
186.3326885800043,1070.5722768687783,0
191.41829186202187,1122.0539202729965,0
297.47567920152954,1659.328177305502,0
226.83577956631845,1249.7059654174657,0
164.73384120541127,953.2539011197384,0
289.87638871597153,1662.609094164951,0
243.2091690576774,1420.744875056743,0
159.78897930220467,1087.0662353325115,0
284.8425261158974,1653.5591915622497,0
180.32054046982546,1055.3985029362132,0
223.95267219895413,1261.4059616158472,0
228.94786766564445,1316.1230945470109,0
232.66284710907976,1316.2568138475106,0
165.34894888261178,931.0,0
258.92247117007116,1521.2054430615217,0
234.70455120114752,1302.0752666416793,0
220.4614975003638,1260.4768938778689,0
254.88608336440777,1473.1955063738146,0
188.21587326772996,1077.212142523468,0
160.60325262089998,1046.0478000550452,0
234.7476515556253,1313.3659048414495,0
226.99984452809406,1343.5955492632447,0
219.17992986384712,1285.0190660064154,0
160.49603389395912,912.107449810602,0
260.7966889732144,1557.0822072068,0
166.4606715289438,947.7225332342796,0
196.15500499206377,1197.482776494092,0
234.28865609738895,1356.0003687315134,0
253.70276939387725,1496.4093691233024,0
200.10545989141588,1183.0422646718923,0
179.84622859744078,1061.1319427856274,0
228.99387930139903,1270.4550365912207,0
160.35353041882328,976.86078844429,0
169.9139392665449,957.9655526165856,0
184.40500901060068,1122.075309415549,0
197.8292534791217,1141.7009240602374,0
223.21380507842264,1327.3168423552834,0
203.80800818213552,1192.015100575492,0
258.8276127873307,1541.2543592801287,0
258.3202286331159,1462.4431612886704,0
209.1891844651331,1231.0199023573907,0
227.29424300226464,1313.44013948105,0
223.20008748905747,1311.3664628928102,0
200.62183599245407,1117.0004476274842,0
200.03245673896265,1126.1438629233833,0
211.09353250326512,1249.006405107676,0
257.1264870691001,1484.283328748255,0
172.0288676187711,1016.2834250345718,0
161.83531747486458,925.23834767048,0
237.66405271086768,1372.160704873886,0
221.95567054183596,1308.2388925574717,0
206.37457760478873,1081.1669621293463,0
225.08107478868862,1296.0651989772737,0
181.44714394216376,1058.1531080141474,0
240.30616625876127,1371.2698494461256,0
183.29326307114076,1053.721974716291,0
208.96844862485483,1057.0118258562673,0
259.462608975718,1488.086019019062,0
168.48749968586247,952.472571783566,0
289.51923357523907,1672.1581862969783,0
221.1039387221462,1312.074692995791,0
220.96784363743774,1298.61618656168,0
188.9522686065514,1082.0780933001092,0
203.03335036729175,1180.1224512735955,0
279.41885634428195,1643.4491169488638,0
212.6231750932376,1187.3790464716817,0
231.83782461131148,1304.3005788544297,0
259.3780865428876,1526.8519902073024,0
192.97832923070723,1151.0434396668095,0
298.4598980550293,1747.2930492622008,0
184.02717118471048,1154.000433275482,0
291.01438701982954,1720.0104650844423,0
211.85061805327953,1303.5651115306823,0
247.80722474467598,1463.3950252751306,0
177.02400840353965,1162.0843342890394,0
294.1269707002335,1734.001153402154,0
209.7018244413515,1418.0352604924883,0
195.36551221169728,1104.1159359415117,0
182.72343669276134,1073.0670994863276,0
222.1187951720168,1244.0325558440984,0
192.18342935409322,1109.3791056262055,0
181.42304859691046,1136.074381367699,0
226.15225047283448,1427.4354626392046,0
198.07620628709094,1080.1185120161583,0
293.8417506345626,1745.293385078853,0
299.02076919547744,1712.1054289967076,0
187.68215470493675,1194.0104689658294,0
202.02487549144072,1155.3895446991028,0
168.1904301259554,1142.0157617125956,0
229.94813331421324,1278.1001525702122,0
225.0261443569461,1439.1292506234456,0
287.27741314928915,1705.0354835017365,0
187.5652262441967,1280.853231248608,0
186.62781641643903,1173.1704905937586,0
152.24481880469295,1055.6675613089567,0
214.88456344486332,1368.2328018286946,0
301.80935581451195,1772.345620921608,0
152.2250140229203,1025.275085038157,0
97.30077388280375,934.0192717497856,0
193.34248630934957,1343.0402078865695,0
198.58509839173587,1391.4657739233114,0
252.31497430755203,1459.0370111823756,0
204.35336771460834,1165.9065142626146,0
296.26025580567614,1694.1301602887545,0
199.27120980094355,1143.0157479230108,0
286.6790065054,1737.1393150809754,0
261.73713562152125,1486.6812032174214,0
203.00619450618112,1099.1819685566172,0
290.80336189489054,1668.8418139536172,0
252.7137178901645,1504.6730541881848,0
244.0612351190024,1457.1430952380758,0
309.29984652420217,1873.0771473700704,0
222.47026146420714,1280.8598674328118,0
291.82767190075384,1726.1532376935716,0
180.5144031426649,1043.3982940373248,0
182.98863097861874,1235.8851079287265,0
193.0467738931432,1169.0004277159182,0
293.8280901625791,1660.3084050862358,0
293.5272791155313,1753.0482024177202,0
196.00111637519458,1134.003968247025,0
184.0789598264707,994.0321926376428,0
219.41612822657186,1261.458283099366,0
184.2695653518855,1102.1805659691156,0
210.13795715179162,1305.435176483306,0
286.01822205083516,1719.4888775447196,0
252.4711506450566,1466.311358477455,0
250.00580679990327,1490.4110171358773,0
215.52615881230545,1313.9014422703096,0
295.6473120066883,1755.239584786077,0
197.40400088128172,1143.2117039288917,0
286.24545288434865,1713.0011675419255,0
207.66287360994556,1082.0665413919792,0
119.58300311929926,651.5120873782773,1
72.45963212522562,403.44764220404113,1
34.63915515355272,192.26284092356485,1
48.52813942940205,270.266535109325,1
126.11561041135634,668.5544106503224,1
72.45963212522562,403.44764220404113,1
19.28051417267848,134.18271125595876,1
56.69999016785994,305.62885989382613,1
59.41337428714784,325.16149833582693,1
23.5,127.39309243440164,1
59.41337428714784,325.16149833582693,1
22.508331019803634,184.0108692441835,1
85.00032930975267,472.7716150531882,1
29.867127793433,179.88885457415086,1
34.46991938464448,194.64069461446132,1
22.508331019803634,184.0108692441835,1
23.5,127.39309243440164,1
53.8502337220128,284.77535005684746,1
68.56444913401813,382.2734623276903,1
85.30161704382442,422.2665035259132,1
81.79654551874702,421.3039282987995,1
51.85387839985884,296.2431433805684,1
59.47437381041311,357.5947426906609,1
22.06225774829855,143.05593311708537,1
19.28051417267848,134.18271125595876,1
25.839728835403644,155.2932709424333,1
22.06225774829855,143.05593311708537,1
53.856821759907874,311.77716401301745,1
29.16799311507803,183.88311504866343,1
31.211186655791547,186.9037185290865,1
72.99616942723796,421.7416270656716,1
34.12148897302771,195.31000998412756,1
59.47437381041311,357.5947426906609,1
51.85387839985884,296.2431433805684,1
29.867127793433,179.88885457415086,1
85.00032930975267,472.7716150531882,1
52.25264863526524,290.07929950273945,1
59.41337428714784,325.16149833582693,1
39.571741549559775,228.01096464863264,1
31.211186655791547,186.9037185290865,1
42.697293289712476,261.92556194461054,1
34.46991938464448,194.64069461446132,1
52.25264863526524,290.07929950273945,1
34.63915515355272,192.26284092356485,1
75.88573366983996,423.0,1
53.856821759907874,311.77716401301745,1
15.960100183384874,93.74433316206373,1
72.99616942723796,421.7416270656716,1
126.11561041135634,668.5544106503224,1
23.5,127.39309243440164,1
34.63915515355272,192.26284092356485,1
23.5,127.39309243440164,1
119.58300311929926,651.5120873782773,1
76.50388002711482,438.0,1
25.839728835403644,155.2932709424333,1
29.16799311507803,183.88311504866343,1
68.56444913401813,382.2734623276903,1
15.960100183384874,93.74433316206373,1
34.63915515355272,192.26284092356485,1
86.40007850272687,495.6167874477216,1
80.75730723577807,444.2082844792519,1
68.78857320355803,392.7467377331096,1
110.46088748187259,616.081163484163,1
78.66017707782395,427.375712927162,1
54.302764167171794,309.7127701597078,1
96.75907762348129,520.0240379059414,1
67.17421067347321,389.13365313218543,1
111.3593853459709,607.2832946821442,1
106.23907550890804,567.6424931239733,1
68.78857320355803,392.7467377331096,1
67.485868054251,401.966416507648,1
23.594810050208544,140.80127840328723,1
75.36668552018224,430.1732209238506,1
53.380549717384355,305.1245647272602,1
71.65624769149144,392.587569849072,1
60.193972140127784,349.5969107414995,1
60.193972140127784,349.5969107414995,1
53.380549717384355,305.1245647272602,1
95.86163296392951,593.8770916612292,1
77.24410340787784,418.9367494025799,1
50.727196100910064,292.3439754809392,1
80.63613840487344,451.2427284732686,1
77.24410340787784,418.9367494025799,1
61.11408521448832,378.6634389533798,1
36.03243817104462,210.28789789238945,1
69.03802146688284,394.0,1
24.789143362774258,142.70599146496969,1
67.17421067347321,389.13365313218543,1
65.87890520368197,388.1043674065006,1
88.98007127981919,464.88278092439606,1
65.55479614839795,380.7072366005143,1
69.7633734227002,386.6497122719736,1
63.04932448729851,357.02801010564986,1
67.35143714622464,376.4943558673888,1
83.81512146388886,434.3731115066861,1
64.1887259366764,370.6534769835567,1
26.123013911190576,145.38225476308995,1
82.01114100421336,432.1955575893857,1
25.006600226492328,143.7358688706476,1
106.23907550890804,567.6424931239733,1
30.98769809111628,177.1016657177453,1
96.75907762348129,520.0240379059414,1
63.0696805958642,366.9795634636894,1
59.68208126889938,358.8606972071475,1
86.08922860144736,480.0666620376799,1
83.86402444771703,432.5598224523401,1
77.24410340787784,418.9367494025799,1
56.64338310867522,302.5128096461372,1
99.61504737570178,575.0034782503494,1
17.235154228233583,97.49358953285082,1
65.66239494211462,369.6877060438986,1
24.789143362774258,142.70599146496969,1
59.34698499498595,419.8761722222398,1
117.9407845873549,646.0789425449494,1
63.15592057792644,372.6835118434944,1
21.5524865872714,124.0,1
53.380549717384355,305.1245647272602,1
93.64946729267935,488.20077836890016,1
64.96958276325414,362.1988404178014,1
85.79933431988022,494.4623342581313,1
65.85087875998558,400.6045431594604,1
88.60276260343113,495.22722057657535,1
92.11611191159108,526.2708428176503,1
26.123013911190576,145.38225476308995,1
98.45105260544813,509.7332635800807,1
80.63613840487344,451.2427284732686,1
67.93487001816727,385.873036114212,1
15.925001949012602,89.5377015563835,1
113.83841225955777,634.0,1
56.64338310867522,302.5128096461372,1
53.380549717384355,305.1245647272602,1
54.829358307373624,321.2366728753117,1
75.90387874657833,422.1705816373282,1
53.380549717384355,305.1245647272602,1
53.380549717384355,305.1245647272602,1
20.641750400280348,131.00381673829202,1
49.85902763010702,307.4703237712544,1
63.047551187035594,338.4272447661388,1
53.380549717384355,305.1245647272602,1
117.1570436723989,611.117828245912,1
62.90348619533938,382.1426435246399,1
34.19546066829024,194.3707796969493,1
66.52665965204764,397.7851178714458,1
97.17432200764424,564.0221626851201,1
67.13935409759509,406.3594467955679,1
106.97116826805137,593.0303533546997,1
49.85902763010702,307.4703237712544,1
66.18677868818585,382.0471175130105,1
51.090917384836224,319.513692977312,1
72.42402557493477,400.4322664321645,1
83.34640847651181,431.5112976504787,1
75.96701244952862,400.4509957535379,1
97.17432200764424,564.0221626851201,1
75.64037867285259,417.5068861707553,1
23.594810050208544,140.80127840328723,1
117.72287943874912,640.8759630380905,1
62.49664436383284,339.00589965367857,1
72.01162298258126,416.0012019213406,1
79.2508070525486,421.473605342019,1
15.925001949012602,89.5377015563835,1
65.85087875998558,400.6045431594604,1
75.36668552018224,430.1732209238506,1
25.372713066554525,147.6651617681029,1
53.380549717384355,305.1245647272602,1
88.74281440316756,486.0792116517636,1
64.96958276325414,362.1988404178014,1
62.37139384295345,351.4327816240255,1
62.49664436383284,339.00589965367857,1
100.65369689629094,573.1849614217037,1
66.24065432264126,401.5084058895904,1
98.45105260544813,509.7332635800807,1
99.13374774900149,572.9432781698376,1
85.79933431988022,494.4623342581313,1
91.5946519613148,488.4096641140509,1
30.98769809111628,177.1016657177453,1
69.34045416226621,404.9222147524139,1
75.64037867285259,417.5068861707553,1
79.21862919219865,437.219624445198,1
62.16972666078652,360.04721912549195,1
64.64632232601198,357.4534934785223,1
71.16199844156743,397.75620673975664,1
85.36048352018781,493.2686894583924,1
67.93487001816727,385.873036114212,1
20.641750400280348,131.00381673829202,1
30.077379737113255,179.2344832893492,1
73.15452681107217,389.8679263545541,1
72.42402557493477,400.4322664321645,1
31.675100441276125,193.4941859591652,1
113.83841225955777,634.0,1
69.03802146688284,394.0,1
54.302764167171794,309.7127701597078,1
91.04192334400742,452.0542002901864,1
108.7193106549598,601.0407640085654,1
103.1691779387321,582.3100548676796,1
